X (mAh);0.56A vektör (V);0.56A WPD (V);0.56A WPD-vektör;0.56A piksel-yöntemi (V);0.56A piksel-vektör;2.8A vektör (V);2.8A WPD (V);2.8A WPD-vektör;2.8A piksel-yöntemi (V);2.8A piksel-vektör;10A vektör (V);10A WPD (V);10A WPD-vektör;10A piksel-yöntemi (V);10A piksel-vektör;20A vektör (V);20A WPD (V);20A WPD-vektör;20A piksel-yöntemi (V);20A piksel-vektör;30A vektör (V);30A WPD (V);30A WPD-vektör;30A piksel-yöntemi (V);30A piksel-vektör
50;4,1398;4,1445;+0,0047;4,1434;+0,0036;4,0786;4,0840;+0,0054;4,0827;+0,0041;3,9015;3,9077;+0,0062;3,9053;+0,0038;3,7049;3,7077;+0,0028;3,7079;+0,0030;3,5280;3,5314;+0,0034;3,5318;+0,0038
100;4,1131;4,1181;+0,0050;4,1168;+0,0037;4,0541;4,0602;+0,0061;4,0582;+0,0041;3,8780;3,8820;+0,0040;3,8822;+0,0042;3,6791;3,6840;+0,0049;3,6822;+0,0031;3,5043;3,5078;+0,0035;3,5067;+0,0024
150;4,0953;4,1015;+0,0062;4,0989;+0,0036;4,0331;4,0393;+0,0062;4,0372;+0,0041;3,8610;3,8657;+0,0047;3,8643;+0,0033;3,6645;3,6697;+0,0052;3,6665;+0,0020;3,4939;3,4973;+0,0034;3,4964;+0,0025
200;4,0783;4,0834;+0,0051;4,0823;+0,0040;4,0173;4,0235;+0,0062;4,0214;+0,0041;3,8472;3,8518;+0,0046;3,8506;+0,0034;3,6549;3,6603;+0,0054;3,6580;+0,0031;3,4866;3,4919;+0,0053;3,4898;+0,0032
250;4,0603;4,0655;+0,0052;4,0640;+0,0037;4,0012;4,0078;+0,0066;4,0053;+0,0041;3,8287;3,8340;+0,0053;3,8322;+0,0035;3,6456;3,6498;+0,0042;3,6492;+0,0036;3,4813;3,4867;+0,0054;3,4846;+0,0033
300;4,0425;4,0483;+0,0058;4,0462;+0,0037;3,9806;3,9867;+0,0061;3,9845;+0,0039;3,8148;3,8192;+0,0044;3,8187;+0,0039;3,6361;3,6391;+0,0030;3,6386;+0,0025;3,4728;3,4762;+0,0034;3,4760;+0,0032
350;4,0249;4,0285;+0,0036;4,0295;+0,0046;3,9598;3,9661;+0,0063;3,9637;+0,0039;3,8013;3,8078;+0,0065;3,8044;+0,0031;3,6265;3,6313;+0,0048;3,6295;+0,0030;3,4656;3,4709;+0,0053;3,4688;+0,0032
400;4,0021;4,0077;+0,0056;4,0059;+0,0038;3,9385;3,9445;+0,0060;3,9424;+0,0039;3,7825;3,7867;+0,0042;3,7859;+0,0034;3,6121;3,6181;+0,0060;3,6141;+0,0020;3,4551;3,4603;+0,0052;3,4583;+0,0032
450;3,9845;3,9898;+0,0053;3,9880;+0,0035;3,9185;3,9233;+0,0048;3,9218;+0,0033;3,7633;3,7683;+0,0050;3,7664;+0,0031;3,5975;3,6025;+0,0050;3,6006;+0,0031;3,4464;3,4499;+0,0035;3,4487;+0,0023
500;3,9648;3,9709;+0,0061;3,9683;+0,0035;3,8965;3,9024;+0,0059;3,9003;+0,0038;3,7441;3,7497;+0,0056;3,7476;+0,0035;3,5836;3,5879;+0,0043;3,5873;+0,0037;3,4360;3,4394;+0,0034;3,4383;+0,0023
550;3,9490;3,9552;+0,0062;3,9525;+0,0035;3,8771;3,8812;+0,0041;3,8799;+0,0028;3,7257;3,7308;+0,0051;3,7295;+0,0038;3,5701;3,5755;+0,0054;3,5725;+0,0024;3,4204;3,4236;+0,0032;3,4228;+0,0024
600;3,9313;3,9366;+0,0053;3,9351;+0,0038;3,8597;3,8656;+0,0059;3,8636;+0,0039;3,7118;3,7182;+0,0064;3,7144;+0,0026;3,5531;3,5577;+0,0046;3,5565;+0,0034;3,4097;3,4130;+0,0033;3,4125;+0,0028
650;3,9122;3,9182;+0,0060;3,9156;+0,0034;3,8410;3,8450;+0,0040;3,8442;+0,0032;3,6947;3,6998;+0,0051;3,6980;+0,0033;3,5382;3,5425;+0,0043;3,5402;+0,0020;3,3991;3,4025;+0,0034;3,4014;+0,0023
700;3,8965;3,9024;+0,0059;3,9004;+0,0039;3,8230;3,8288;+0,0058;3,8269;+0,0039;3,6795;3,6840;+0,0045;3,6822;+0,0027;3,5234;3,5287;+0,0053;3,5265;+0,0031;3,3835;3,3868;+0,0033;3,3858;+0,0023
750;3,8807;3,8866;+0,0059;3,8841;+0,0034;3,8102;3,8150;+0,0048;3,8137;+0,0035;3,6654;3,6710;+0,0056;3,6687;+0,0033;3,5103;3,5153;+0,0050;3,5138;+0,0035;3,3710;3,3761;+0,0051;3,3741;+0,0031
800;3,8649;3,8708;+0,0059;3,8683;+0,0034;3,7921;3,7971;+0,0050;3,7954;+0,0033;3,6469;3,6499;+0,0030;3,6506;+0,0037;3,4964;3,5026;+0,0062;3,4987;+0,0023;3,3576;3,3603;+0,0027;3,3601;+0,0025
850;3,8490;3,8553;+0,0063;3,8526;+0,0036;3,7793;3,7852;+0,0059;3,7833;+0,0040;3,6332;3,6396;+0,0064;3,6362;+0,0030;3,4832;3,4864;+0,0032;3,4869;+0,0037;3,3413;3,3447;+0,0034;3,3435;+0,0022
900;3,8334;3,8393;+0,0059;3,8366;+0,0032;3,7651;3,7708;+0,0057;3,7681;+0,0030;3,6193;3,6236;+0,0043;3,6226;+0,0033;3,4693;3,4743;+0,0050;3,4707;+0,0014;3,3310;3,3342;+0,0032;3,3335;+0,0025
950;3,8177;3,8235;+0,0058;3,8209;+0,0032;3,7485;3,7549;+0,0064;3,7525;+0,0040;3,6055;3,6100;+0,0045;3,6085;+0,0030;3,4552;3,4604;+0,0052;3,4580;+0,0028;3,3154;3,3183;+0,0029;3,3178;+0,0024
1000;3,8005;3,8057;+0,0052;3,8036;+0,0031;3,7336;3,7393;+0,0057;3,7372;+0,0036;3,5919;3,5971;+0,0052;3,5951;+0,0032;3,4407;3,4446;+0,0039;3,4440;+0,0033;3,2995;3,3025;+0,0030;3,3019;+0,0024
1050;3,7809;3,7867;+0,0058;3,7841;+0,0032;3,7178;3,7235;+0,0057;3,7216;+0,0038;3,5730;3,5773;+0,0043;3,5767;+0,0037;3,4231;3,4291;+0,0060;3,4256;+0,0025;3,2836;3,2868;+0,0032;3,2857;+0,0021
1100;3,7651;3,7710;+0,0059;3,7683;+0,0032;3,7020;3,7077;+0,0057;3,7056;+0,0036;3,5572;3,5601;+0,0029;3,5611;+0,0039;3,4091;3,4131;+0,0040;3,4121;+0,0030;3,2680;3,2710;+0,0030;3,2702;+0,0022
1150;3,7477;3,7524;+0,0047;3,7509;+0,0032;3,6863;3,6919;+0,0056;3,6898;+0,0035;3,5407;3,5446;+0,0039;3,5440;+0,0033;3,3914;3,3972;+0,0058;3,3932;+0,0018;3,2524;3,2551;+0,0027;3,2548;+0,0024
1200;3,7305;3,7345;+0,0040;3,7340;+0,0035;3,6705;3,6761;+0,0056;3,6735;+0,0030;3,5224;3,5290;+0,0066;3,5245;+0,0021;3,3768;3,3797;+0,0029;3,3797;+0,0029;3,2414;3,2446;+0,0032;3,2443;+0,0029
1250;3,7177;3,7237;+0,0060;3,7207;+0,0030;3,6547;3,6603;+0,0056;3,6582;+0,0035;3,5076;3,5129;+0,0053;3,5108;+0,0032;3,3629;3,3671;+0,0042;3,3663;+0,0034;3,2258;3,2289;+0,0031;3,2279;+0,0021
1300;3,7002;3,7044;+0,0042;3,7033;+0,0031;3,6380;3,6442;+0,0062;3,6419;+0,0039;3,4892;3,4942;+0,0050;3,4927;+0,0035;3,3470;3,3521;+0,0051;3,3506;+0,0036;3,2102;3,2131;+0,0029;3,2124;+0,0022
1350;3,6863;3,6919;+0,0056;3,6894;+0,0031;3,6232;3,6288;+0,0056;3,6266;+0,0034;3,4753;3,4815;+0,0062;3,4778;+0,0025;3,3305;3,3340;+0,0035;3,3338;+0,0033;3,1946;3,1971;+0,0025;3,1970;+0,0024
1400;3,6705;3,6762;+0,0057;3,6740;+0,0035;3,6075;3,6130;+0,0055;3,6109;+0,0034;3,4618;3,4654;+0,0036;3,4651;+0,0033;3,3167;3,3206;+0,0039;3,3190;+0,0023;3,1839;3,1868;+0,0029;3,1860;+0,0021
1450;3,6579;3,6618;+0,0039;3,6611;+0,0032;3,5917;3,5972;+0,0055;3,5951;+0,0034;3,4437;3,4500;+0,0063;3,4456;+0,0019;3,3027;3,3079;+0,0052;3,3053;+0,0026;3,1680;3,1710;+0,0030;3,1700;+0,0020
1500;3,6456;3,6498;+0,0042;3,6490;+0,0034;3,5763;3,5814;+0,0051;3,5796;+0,0033;3,4290;3,4340;+0,0050;3,4320;+0,0030;3,2882;3,2954;+0,0072;3,2907;+0,0025;3,1577;3,1604;+0,0027;3,1601;+0,0024
1550;3,6337;3,6393;+0,0056;3,6367;+0,0030;3,5654;3,5708;+0,0054;3,5688;+0,0034;3,4157;3,4185;+0,0028;3,4190;+0,0033;3,2734;3,2765;+0,0031;3,2769;+0,0035;3,1450;3,1498;+0,0048;3,1478;+0,0028
1600;3,6232;3,6288;+0,0056;3,6262;+0,0030;3,5507;3,5549;+0,0042;3,5534;+0,0027;3,4049;3,4089;+0,0040;3,4085;+0,0036;3,2625;3,2653;+0,0028;3,2660;+0,0035;3,1311;3,1342;+0,0031;3,1331;+0,0020
1650;3,6075;3,6130;+0,0055;3,6111;+0,0036;3,5391;3,5446;+0,0055;3,5424;+0,0033;3,3900;3,3946;+0,0046;3,3927;+0,0027;3,2493;3,2544;+0,0051;3,2507;+0,0014;3,1208;3,1237;+0,0029;3,1228;+0,0020
1700;3,6013;3,6077;+0,0064;3,6042;+0,0029;3,5251;3,5288;+0,0037;3,5278;+0,0027;3,3795;3,3840;+0,0045;3,3822;+0,0027;3,2346;3,2393;+0,0047;3,2373;+0,0027;3,1104;3,1130;+0,0026;3,1126;+0,0022
1750;3,5885;3,5924;+0,0039;3,5919;+0,0034;3,5129;3,5183;+0,0054;3,5163;+0,0034;3,3660;3,3709;+0,0049;3,3688;+0,0028;3,2252;3,2288;+0,0036;3,2282;+0,0030;3,0977;3,1025;+0,0048;3,1004;+0,0027
1800;3,5759;3,5814;+0,0055;3,5788;+0,0029;3,5024;3,5077;+0,0053;3,5049;+0,0025;3,3523;3,3549;+0,0026;3,3557;+0,0034;3,2105;3,2078;-0,0027;3,2148;+0,0043;3,0872;3,0919;+0,0047;3,0892;+0,0020
1850;3,5654;3,5709;+0,0055;3,5683;+0,0029;3,4868;3,4920;+0,0052;3,4901;+0,0033;3,3388;3,3446;+0,0058;3,3414;+0,0026;3,2009;3,2051;+0,0042;3,2033;+0,0024;3,0788;3,0815;+0,0027;3,0808;+0,0020
1900;3,5511;3,5550;+0,0039;3,5546;+0,0035;3,4761;3,4814;+0,0053;3,4794;+0,0033;3,3271;3,3314;+0,0043;3,3296;+0,0025;3,1864;3,1921;+0,0057;3,1879;+0,0015;3,0632;3,0655;+0,0023;3,0654;+0,0022
1950;3,5388;3,5448;+0,0060;3,5416;+0,0028;3,4614;3,4652;+0,0038;3,4640;+0,0026;3,3165;3,3210;+0,0045;3,3190;+0,0025;3,1768;3,1813;+0,0045;3,1793;+0,0025;3,0524;3,0552;+0,0028;3,0544;+0,0020
2000;3,5212;3,5249;+0,0037;3,5243;+0,0031;3,4496;3,4555;+0,0059;3,4529;+0,0033;3,3026;3,3079;+0,0053;3,3054;+0,0028;3,1620;3,1656;+0,0036;3,1647;+0,0027;3,0418;3,0447;+0,0029;3,0437;+0,0019
2050;3,5036;3,5077;+0,0041;3,5068;+0,0032;3,4340;3,4393;+0,0053;3,4372;+0,0032;3,2842;3,2866;+0,0024;3,2875;+0,0033;3,1497;3,1549;+0,0052;3,1516;+0,0019;3,0294;3,0341;+0,0047;3,0320;+0,0026
2100;3,4813;3,4867;+0,0054;3,4844;+0,0031;3,4183;3,4235;+0,0052;3,4210;+0,0027;3,2703;3,2763;+0,0060;3,2727;+0,0024;3,1361;3,1367;+0,0006;3,1394;+0,0033;3,0159;3,0181;+0,0022;3,0187;+0,0028
2150;3,4632;3,4665;+0,0033;3,4664;+0,0032;3,4025;3,4077;+0,0052;3,4056;+0,0031;3,2572;3,2601;+0,0029;3,2607;+0,0035;3,1223;3,1258;+0,0035;3,1243;+0,0020;3,0019;3,0065;+0,0046;3,0053;+0,0034
2200;3,4446;3,4498;+0,0052;3,4472;+0,0026;3,3880;3,3921;+0,0041;3,3904;+0,0024;3,2378;3,2418;+0,0040;3,2401;+0,0023;3,1038;3,1078;+0,0040;3,1062;+0,0024;2,9860;2,9914;+0,0054;2,9890;+0,0030
2250;3,4330;3,4393;+0,0063;3,4357;+0,0027;3,3710;3,3761;+0,0051;3,3740;+0,0030;3,2169;3,2208;+0,0039;3,2193;+0,0024;3,0898;3,0946;+0,0048;3,0927;+0,0029;2,9685;2,9709;+0,0024;2,9705;+0,0020
2300;3,4150;3,4179;+0,0029;3,4182;+0,0032;3,3500;3,3549;+0,0049;3,3530;+0,0030;3,1942;3,1971;+0,0029;3,1973;+0,0031;3,0686;3,0715;+0,0029;3,0716;+0,0030;2,9476;2,9495;+0,0019;2,9498;+0,0022
2350;3,3928;3,3971;+0,0043;3,3956;+0,0028;3,3233;3,3292;+0,0059;3,3268;+0,0035;3,1681;3,1703;+0,0022;3,1714;+0,0033;3,0449;3,0500;+0,0051;3,0475;+0,0026;2,9261;2,9289;+0,0028;2,9278;+0,0017
2400;3,3592;3,3647;+0,0055;3,3624;+0,0032;3,2887;3,2914;+0,0027;3,2917;+0,0030;3,1405;3,1445;+0,0040;3,1430;+0,0025;3,0163;3,0202;+0,0039;3,0188;+0,0025;2,8968;2,9022;+0,0054;2,8997;+0,0029
2450;3,3201;3,3234;+0,0033;3,3231;+0,0030;3,2492;3,2553;+0,0061;3,2528;+0,0036;3,1035;3,1076;+0,0041;3,1062;+0,0027;2,9825;2,9866;+0,0041;2,9852;+0,0027;2,8617;2,8655;+0,0038;2,8639;+0,0022
2500;3,2754;3,2798;+0,0044;3,2792;+0,0038;3,1977;3,2016;+0,0039;3,2014;+0,0037;3,0547;3,0590;+0,0043;3,0580;+0,0033;2,9428;2,9463;+0,0035;2,9451;+0,0023;2,8204;2,8244;+0,0040;2,8219;+0,0015
2550;3,2260;3,2303;+0,0043;3,2287;+0,0027;3,1340;3,1384;+0,0044;3,1375;+0,0035;2,9948;2,9988;+0,0040;2,9974;+0,0026;2,8934;2,8971;+0,0037;2,8955;+0,0021;2,7726;2,7761;+0,0035;2,7743;+0,0017
2600;3,1689;3,1732;+0,0043;3,1720;+0,0031;3,0508;3,0547;+0,0039;3,0536;+0,0028;2,9211;2,9257;+0,0046;2,9246;+0,0035;2,8414;2,8447;+0,0033;2,8434;+0,0020;2,7111;2,7153;+0,0042;2,7126;+0,0015
2650;3,0963;3,1008;+0,0045;3,1007;+0,0044;2,9220;2,9299;+0,0079;2,9295;+0,0075;2,8157;2,8192;+0,0035;2,8193;+0,0036;2,7728;2,7765;+0,0037;2,7753;+0,0025;2,6467;2,6477;+0,0010;2,6493;+0,0026
2700;3,0239;3,0290;+0,0051;3,0276;+0,0037;2,7242;2,7396;+0,0154;2,7400;+0,0158;2,6437;2,6513;+0,0076;;;2,6934;2,6968;+0,0034;2,6970;+0,0036;2,5621;2,5653;+0,0032;2,5647;+0,0026
2750;2,9288;2,9326;+0,0038;2,9328;+0,0040;;;;;;;;;;;2,5820;2,5905;+0,0085;2,5855;+0,0035;;;;;
2800;2,7751;2,7787;+0,0036;2,7799;+0,0048;;;;;;;;;;;;;;;;;;;;
